state_name,dist_name,area_type,Total,illiterate_males,literate_males,graduate_males,illiterate_females,literate_females,graduate_females,percent_graduate_male,percent_graduate_female
andhra pradesh,Adilabad ,Urban,218845,35851,133025,21833,24483,25486,4427,17,18
andhra pradesh,Nizamabad ,Urban,184324,23945,106685,20217,24088,29606,4381,19,15
andhra pradesh,Karimnagar ,Urban,319695,41756,186917,36509,40976,50046,7100,20,15
andhra pradesh,Medak ,Urban,227779,29250,144664,24156,24860,29005,5494,17,19
andhra pradesh,Hyderabad ,Urban,1096269,129232,731979,170377,64665,170393,47022,24,28
andhra pradesh,Rangareddy ,Urban,1186403,136133,783632,193967,82012,184626,51842,25,29
andhra pradesh,Mahbubnagar ,Urban,201563,26320,118094,24296,28610,28539,5845,21,21
andhra pradesh,Nalgonda ,Urban,214955,22021,137719,30277,23568,31647,6446,22,21
andhra pradesh,Warangal ,Urban,312790,33302,203021,46162,33221,43246,9457,23,22
andhra pradesh,Khammam ,Urban,206861,23512,134256,25841,19364,29729,6531,20,22
andhra pradesh,Srikakulam ,Urban,138911,18402,87329,18296,15773,17407,3405,21,20
andhra pradesh,Vizianagaram ,Urban,157265,22610,101664,20942,14328,18663,4234,21,23
andhra pradesh,Visakhapatnam ,Urban,620049,78512,429722,91213,40619,71196,19268,22,28
andhra pradesh,East Godavari ,Urban,405905,64078,271660,53251,26854,43313,9914,20,23
andhra pradesh,West Godavari ,Urban,260015,32029,176994,32578,17843,33149,6471,19,20
andhra pradesh,Krishna ,Urban,603351,86335,383283,67930,48867,84866,15443,18,19
andhra pradesh,Guntur ,Urban,577679,88047,347889,66782,66697,75046,14086,20,19
andhra pradesh,Prakasam ,Urban,220968,30925,137591,26297,23891,28561,4909,20,18
andhra pradesh,Sri Potti Sriramulu Nellore ,Urban,260810,36006,176375,32118,18503,29926,6252,19,21
andhra pradesh,Y.S.R. ,Urban,312310,48727,195062,31870,33309,35212,6084,17,18
andhra pradesh,Kurnool ,Urban,384378,71693,208399,38299,58177,46109,8156,19,18
andhra pradesh,Anantapur ,Urban,388094,61503,232650,39205,43911,50030,8261,17,17
andhra pradesh,Chittoor ,Urban,395784,42097,263778,49091,30994,58915,11488,19,20
arunachal pradesh ,Tawang,Urban,7818,221,6914,505,172,511,83,8,17
arunachal pradesh ,West Kameng,Urban,5945,758,3435,532,605,1147,204,16,18
arunachal pradesh ,East Kameng ,Urban,4961,660,2778,422,736,787,90,16,12
arunachal pradesh ,Papum Pare ,Urban,28624,2054,18038,3654,1576,6956,1642,21,24
arunachal pradesh ,Upper Subansiri ,Urban,3539,450,2187,342,334,568,64,16,12
arunachal pradesh ,West Siang ,Urban,8121,605,5825,788,293,1398,228,14,17
arunachal pradesh ,East Siang ,Urban,7655,904,4829,889,457,1465,296,19,21
arunachal pradesh ,Upper Siang ,Urban,2144,240,1198,209,228,478,61,18,13
arunachal pradesh ,Changlang ,Urban,6849,568,5206,518,245,830,151,10,19
arunachal pradesh ,Tirap,Urban,6705,662,4873,533,261,909,172,11,19
arunachal pradesh ,Lower Subansiri ,Urban,4050,369,2487,420,267,927,175,17,19
arunachal pradesh ,Kurung Kumey ,Urban,508,76,330,75,26,76,16,23,22
arunachal pradesh ,Dibang Valley ,Urban,706,66,425,76,41,174,25,18,15
arunachal pradesh ,Lower Dibang Valley ,Urban,3706,349,2667,372,133,557,113,14,21
arunachal pradesh ,Lohit,Urban,9855,1321,6658,989,508,1368,292,15,22
arunachal pradesh ,Anjaw,Urban,466,132,276,39,16,42,10,15,24
assam,Kokrajhar ,Urban,17971,1326,13377,2424,725,2543,606,19,24
assam,Dhubri ,Urban,60645,8109,44804,5769,2655,5077,1190,13,24
assam,Goalpara,Urban,39146,8067,25496,2874,1968,3615,740,12,21
assam,Barpeta ,Urban,46107,4878,35596,5578,1177,4456,1331,16,30
assam,Morigaon ,Urban,21607,2601,16452,2181,571,1983,612,14,31
assam,Nagaon,Urban,113182,10437,87287,11685,2895,12563,3553,14,29
assam,Sonitpur,Urban,56569,3979,43952,8746,1397,7241,2522,20,35
assam,Lakhimpur,Urban,29080,2918,21299,4213,821,4042,1273,20,32
assam,Dhemaji,Urban,13784,1643,9990,1877,472,1679,575,19,35
assam,Tinsukia,Urban,81954,7496,63566,9175,2465,8427,2363,15,29
assam,Dibrugarh,Urban,77920,5101,59696,11817,2316,10807,3627,20,34
assam,Sivasagar,Urban,36441,2415,28245,5131,927,4854,1758,19,37
assam,Jorhat,Urban,70886,4185,52728,10447,2622,11351,3544,20,32
assam,Golaghat ,Urban,31102,1587,24296,4672,579,4640,1499,20,33
assam,Karbi Anglong,Urban,30883,2557,22629,2436,1055,4642,824,11,18
assam,Dima Hasao ,Urban,20191,702,15560,1660,383,3546,658,11,19
assam,Cachar ,Urban,94534,7002,73084,9858,2606,11842,2920,14,25
assam,Karimganj,Urban,31561,1333,25739,3555,559,3930,895,14,23
assam,Hailakandi,Urban,13479,567,10882,1743,219,1811,450,17,25
assam,Bongaigaon,Urban,33798,3016,26011,5058,998,3773,1060,20,29
assam,Chirang,Urban,9788,1218,7461,789,368,741,160,11,22
assam,Kamrup,Urban,41527,3008,30257,4254,1367,6895,953,15,14
assam,Kamrup Metropolitan,Urban,349984,18128,265549,72689,8937,57370,22661,28,40
assam,Nalbari,Urban,22344,1377,18138,3523,371,2458,778,20,32
assam,Baksa,Urban,3341,725,2250,225,93,273,33,10,13
assam,Darrang,Urban,17439,1713,13391,2442,423,1912,614,19,33
assam,Udalguri,Urban,12044,1303,8921,1243,421,1399,349,14,25
andaman & nicobar islands ,North  & Middle Andaman ,Urban,876,68,621,34,46,141,18,6,13
andaman & nicobar islands ,South Andaman ,Urban,52111,3312,38632,5228,1312,8855,2098,14,24
bihar ,Pashchim Champaran ,Urban,84327,18644,55557,10283,4605,5521,1152,19,21
bihar ,Purba Champaran,Urban,90615,21413,58763,12202,4750,5689,1418,21,25
bihar ,Sheohar ,Urban,6383,2000,3507,350,570,306,43,10,15
bihar ,Sitamarhi,Urban,46455,10532,30729,6956,2339,2855,692,23,25
bihar ,Madhubani,Urban,37880,7522,24367,6100,2960,3031,769,26,26
bihar ,Supaul,Urban,22601,4810,15459,3598,1048,1284,375,24,30
bihar ,Araria,Urban,42064,9551,26097,5430,3260,3156,621,21,20
bihar ,Kishanganj,Urban,42199,10433,25351,4492,2936,3479,628,18,19
bihar ,Purnia,Urban,78114,16742,50341,12908,5189,5842,1633,26,28
bihar ,Katihar,Urban,63267,11199,44488,10652,2641,4939,1315,24,27
bihar ,Madhepura,Urban,21495,4490,13509,3610,1241,2255,634,27,29
bihar ,Saharsa,Urban,32353,5622,23097,7383,728,2906,1026,32,36
bihar ,Darbhanga,Urban,83396,14682,59003,15985,3737,5974,1925,28,33
bihar ,Muzaffarpur,Urban,111424,15901,78903,25216,4853,11767,3740,32,32
bihar ,Gopalganj,Urban,31411,5493,21448,4098,1981,2489,608,20,25
bihar ,Siwan,Urban,37285,5698,27314,6089,1388,2885,853,23,30
bihar ,Saran,Urban,66745,12084,48120,11173,2403,4138,1347,24,33
bihar ,Vaishali,Urban,52389,11477,35967,7414,1624,3321,1033,21,32
bihar ,Samastipur,Urban,35972,5116,26032,7423,1571,3253,1103,29,34
bihar ,Begusarai ,Urban,120192,26190,77217,14094,6968,9817,2035,19,21
bihar ,Khagaria,Urban,19333,3751,13424,2985,797,1361,382,23,29
bihar ,Bhagalpur ,Urban,137697,26305,92667,22582,7542,11183,2567,25,23
bihar ,Banka,Urban,15592,3744,10405,2205,612,831,197,22,24
bihar ,Munger,Urban,75735,10952,56576,11938,2609,5598,1369,22,25
bihar ,Lakhisarai,Urban,30486,6673,19859,3087,2054,1900,319,16,17
bihar ,Sheikhpura,Urban,22036,5216,14126,2215,1403,1291,200,16,16
bihar ,Nalanda,Urban,109151,20337,69573,15918,8944,10297,1604,23,16
bihar ,Patna,Urban,606211,82653,439161,137802,24505,59892,20560,32,35
bihar ,Bhojpur,Urban,78180,12081,57900,16265,2890,5309,1563,29,30
bihar ,Buxar,Urban,36227,5718,26138,6675,1753,2618,805,26,31
bihar ,Kaimur (Bhabua),Urban,12271,1481,9808,2750,237,745,255,29,35
bihar ,Rohtas,Urban,89085,13347,66126,16543,3316,6296,1534,26,25
bihar ,Aurangabad,Urban,47849,7109,33573,8431,2939,4228,911,26,22
bihar ,Gaya,Urban,131393,17964,91193,23718,7532,14704,2894,27,20
bihar ,Nawada,Urban,48201,9250,31550,6967,3417,3984,629,23,16
bihar ,Jamui,Urban,34142,5289,21395,3493,4275,3183,474,17,15
bihar ,Jehanabad,Urban,28029,5430,19195,4387,1481,1923,377,23,20
bihar ,Arwal,Urban,10565,1779,7712,818,489,585,62,11,11
chandigarh,Chandigarh,Urban,374278,37868,269153,64530,13681,53576,24941,24,47
chhattisgarh,Koriya,Urban,52200,6223,39155,7300,2419,4403,1471,19,34
chhattisgarh,Surguja,Urban,66955,6410,49030,13976,2889,8626,4002,29,47
chhattisgarh,Jashpur,Urban,21298,2071,15063,3775,1122,3042,1092,26,36
chhattisgarh,Raigarh,Urban,76536,5368,58022,13016,4950,8196,2623,23,33
chhattisgarh,Korba,Urban,129629,11745,97747,17651,8330,11807,3513,19,30
chhattisgarh,Janjgir - Champa,Urban,68836,4889,48098,9620,7007,8842,1828,21,21
chhattisgarh,Bilaspur,Urban,215835,17685,152165,38587,18818,27167,9068,26,34
chhattisgarh,Kabeerdham,Urban,27946,3639,16790,3406,4008,3509,897,21,26
chhattisgarh,Rajnandgaon,Urban,94122,6152,63006,12804,8460,16504,3632,21,23
chhattisgarh,Durg,Urban,411595,30597,298269,52814,30951,51778,14366,18,28
chhattisgarh,Raipur,Urban,486199,40699,341815,73479,40788,62897,16465,22,27
chhattisgarh,Mahasamund,Urban,39775,3859,26992,5481,3918,5006,1437,21,29
chhattisgarh,Dhamtari,Urban,52422,3591,33571,6109,5471,9789,1620,19,17
chhattisgarh,Uttar Bastar Kanker,Urban,24517,1362,16510,3921,1814,4831,1334,24,28
chhattisgarh,Bastar,Urban,63889,6491,43024,9453,4853,9521,3256,22,35
chhattisgarh,Narayanpur,Urban,6760,524,4596,903,554,1086,263,20,25
chhattisgarh,Dakshin Bastar Dantewada,Urban,30113,3313,20251,3830,2631,3918,1247,19,32
chhattisgarh,Bijapur,Urban,8735,980,5702,1050,713,1340,320,19,24
dadra & nagar haveli,Dadra & Nagar HavelI,Urban,68035,3647,57171,7075,1499,5718,1105,13,20
daman & diu,Diu,Urban,6775,118,5768,471,107,782,107,9,14
daman & diu,Daman,Urban,88920,7128,74041,4682,1908,5843,747,7,13
nct of delhi,North West,Urban,1073311,112356,817912,200391,35224,107819,50672,25,47
nct of delhi,North,Urban,278131,25407,218359,49869,7170,27195,10815,23,40
nct of delhi,North East,Urban,617483,72525,488705,88232,13375,42878,16205,19,38
nct of delhi,East,Urban,553632,36280,432119,137411,14067,71166,37776,32,54
nct of delhi,New Delhi ,Urban,56633,4132,40782,11260,2075,9644,4367,28,46
nct of delhi,Central,Urban,195517,24812,144906,32789,4882,20917,9137,23,44
nct of delhi,West,Urban,839775,73255,635756,174235,24505,106259,54782,28,52
nct of delhi,South West,Urban,711675,45913,556076,152235,18163,91523,46028,28,51
nct of delhi,South,Urban,864766,68799,663188,173755,25312,107467,51654,27,49
odisha ,Bargarh,Urban,47215,3538,35563,6548,2709,5405,862,19,16
odisha ,Jharsuguda,Urban,67912,6210,52473,6820,3080,6149,1017,13,17
odisha ,Sambalpur,Urban,97535,8356,70105,14687,6438,12636,2638,21,21
odisha ,Debagarh,Urban,6504,574,4691,1208,389,850,228,26,27
odisha ,Sundargarh,Urban,219938,19582,166650,27533,10198,23508,5298,17,23
odisha ,Kendujhar,Urban,73911,9164,54175,10525,4862,5710,1386,20,25
odisha ,Mayurbhanj,Urban,55311,4477,41171,9912,3060,6603,1915,25,30
odisha ,Baleshwar,Urban,74161,7492,57191,12209,2989,6489,2027,22,32
odisha ,Bhadrak,Urban,45726,6948,33865,6579,1467,3446,1163,20,34
odisha ,Kendrapara,Urban,23067,1663,19235,3098,391,1778,468,17,27
odisha ,Jagatsinghapur,Urban,34157,3146,27074,4011,1313,2624,599,15,23
odisha ,Cuttack,Urban,216851,12870,172249,43979,6074,25658,8425,26,33
odisha ,Jajapur,Urban,35111,3192,28502,5652,999,2418,687,20,29
odisha ,Dhenkanal,Urban,31617,1995,25635,6002,650,3337,1159,24,35
odisha ,Anugul,Urban,60060,3957,47992,8615,2357,5754,1576,18,28
odisha ,Nayagarh,Urban,21232,1330,17508,3369,405,1989,583,20,30
odisha ,Khordha,Urban,341178,17082,265311,77766,12234,46551,16379,30,36
odisha ,Puri,Urban,84191,7138,64151,13336,3724,9178,2502,21,28
odisha ,Ganjam,Urban,224629,21615,163914,28277,14313,24787,5088,18,21
odisha ,Gajapati,Urban,21214,3058,13198,2236,2305,2653,548,17,21
odisha ,Kandhamal,Urban,21260,1085,15595,3049,1420,3160,715,20,23
odisha ,Baudh,Urban,6068,342,4508,853,420,798,160,19,21
odisha ,Subarnapur,Urban,15137,1230,11498,1701,817,1592,257,15,17
odisha ,Balangir,Urban,56800,5118,42687,9535,3015,5980,1504,23,26
odisha ,Nuapada,Urban,10073,1170,6999,1160,793,1111,201,17,19
odisha ,Kalahandi,Urban,35324,3937,25241,4946,2423,3723,890,20,24
odisha ,Rayagada,Urban,43629,5717,29354,5446,3620,4938,1007,19,21
odisha ,Nabarangapur,Urban,24467,3138,16183,2486,1746,3400,631,16,19
odisha ,Koraput,Urban,73096,7365,50706,9351,6466,8559,2060,19,25
odisha ,Malkangiri,Urban,16103,2150,10901,1434,1386,1666,236,14,15
puducherry,Yanam,Urban,15435,3031,10251,1162,732,1421,280,12,20
puducherry,Puducherry,Urban,221385,10536,158808,30446,9711,42330,10606,20,26
puducherry,Mahe,Urban,10124,56,7905,789,20,2143,442,10,21
puducherry,Karaikal,Urban,29998,1269,23002,3257,1191,4536,1046,15,24
punjab,Gurdaspur,Urban,204683,16787,161025,21977,3990,22881,6399,14,28
punjab,Kapurthala,Urban,94248,10169,69901,9926,2782,11396,3457,15,31
punjab,Jalandhar,Urban,386842,40122,284923,49286,11730,50067,15479,18,31
punjab,Hoshiarpur,Urban,99814,8786,74018,12614,2703,14307,4453,18,32
punjab,Shahid Bhagat Singh Nagar,Urban,37520,4502,27567,3364,1186,4265,1272,13,30
punjab,Fatehgarh Sahib,Urban,61501,8297,46395,6672,1459,5350,1607,15,31
punjab,Ludhiana,Urban,681656,76567,512818,84590,19788,72483,21664,17,30
punjab,Moga,Urban,74871,12134,49381,5602,3637,9719,2486,12,26
punjab,Firozpur,Urban,173143,28031,122084,17951,5816,17212,5839,15,34
punjab,Muktsar,Urban,78625,14870,53618,7256,3178,6959,2282,14,33
punjab,Faridkot,Urban,68940,11407,48124,7049,2386,7023,2356,15,34
punjab,Bathinda,Urban,158498,24367,111815,18541,5957,16359,5728,17,36
punjab,Mansa,Urban,49892,9473,32716,4365,2559,5144,1510,14,30
punjab,Patiala,Urban,243605,27998,173853,34603,7894,33860,13380,20,40
punjab,Amritsar,Urban,437711,57469,311356,46211,17132,51754,14135,15,28
punjab,Tarn Taran,Urban,42732,8510,28535,2906,1383,4304,1071,11,25
punjab,Rupnagar,Urban,51240,4629,38707,6459,1033,6871,2510,17,37
punjab,Sahibzada Ajit Singh Nagar,Urban,177021,13911,127224,32809,5224,30662,13168,26,43
punjab,Sangrur,Urban,159563,33274,106845,15203,5251,14193,4940,15,35
punjab,Barnala,Urban,61459,13410,40303,4700,2243,5503,1501,12,28
goa,North Goa ,Urban,173199,7536,121757,19948,4661,39245,11462,17,30
goa,South Goa,Urban,136149,7183,96769,13694,4475,27722,7217,15,27
gujarat,Kachchh,Urban,239632,29462,180145,22352,8959,21066,4314,13,21
gujarat,Banas Kantha,Urban,119414,13375,93351,10341,4550,8138,1376,12,17
gujarat,Patan,Urban,82419,8015,64044,7451,3328,7032,943,12,14
gujarat,Mahesana,Urban,152826,9977,123317,19019,5004,14528,2307,16,16
gujarat,Sabar Kantha,Urban,105316,8306,79933,12492,4905,12172,2041,16,17
gujarat,Gandhinagar,Urban,181357,11697,143616,26606,5630,20414,5249,19,26
gujarat,Ahmadabad,Urban,1957507,140372,1553358,282415,52530,211247,60547,19,29
gujarat,Surendranagar,Urban,155414,16371,120133,15568,7013,11897,1655,13,14
gujarat,Rajkot,Urban,719145,67894,572993,70307,20797,57461,11200,13,20
gujarat,Jamnagar,Urban,299703,40047,224032,24902,12258,23366,4033,12,18
gujarat,Porbandar,Urban,87935,9812,65947,5227,4446,7730,1053,8,14
gujarat,Junagadh,Urban,275216,31146,208319,25046,13335,22416,3911,13,18
gujarat,Amreli,Urban,119853,15189,89551,9116,5300,9813,1549,11,16
gujarat,Bhavnagar,Urban,382250,43531,289059,26704,17045,32615,4165,10,13
gujarat,Anand,Urban,194732,12921,152974,20070,6944,21893,4066,14,19
gujarat,Kheda,Urban,154170,11085,121463,16066,5722,15900,2460,14,16
gujarat,Panch Mahals,Urban,94606,7256,76077,10526,2652,8621,1572,14,19
gujarat,Dohad,Urban,53386,6073,38725,5111,3055,5533,881,14,16
gujarat,Vadodara,Urban,647016,39204,513881,91173,18127,75804,22683,18,30
gujarat,Narmada,Urban,17465,1353,13113,1885,794,2205,358,15,17
gujarat,Bharuch,Urban,163472,11896,130794,17992,5420,15362,3029,14,20
gujarat,The Dangs,Urban,6505,489,4630,492,302,1084,151,11,14
gujarat,Navsari,Urban,145177,9212,109802,12424,6382,19781,3282,12,17
gujarat,Valsad,Urban,225987,14631,176324,23420,7641,27391,4769,14,18
gujarat,Surat,Urban,1884970,156223,1546204,118273,45087,137456,20457,8,15
gujarat,Tapi,Urban,24462,2279,16952,1902,1749,3482,539,12,16
haryana,Panchkula,Urban,106956,8887,76014,24643,4133,17922,8782,33,50
haryana,Ambala,Urban,156751,12546,121250,26256,3755,19200,6961,22,37
haryana,Yamunanagar,Urban,141896,17234,108368,18266,3267,13027,4776,17,37
haryana,Kurukshetra,Urban,82468,9267,60836,14780,3222,9143,3814,25,42
haryana,Kaithal,Urban,62469,9742,45225,8321,2536,4966,1846,19,38
haryana,Karnal,Urban,132486,15416,96257,20510,5281,15532,6090,22,40
haryana,Panipat,Urban,170588,22883,121041,18288,11143,15521,3875,16,25
haryana,Sonipat,Urban,125197,11280,93382,18412,3997,16538,5732,20,35
haryana,Jind,Urban,79999,9970,60096,11232,2424,7509,2582,19,35
haryana,Fatehabad,Urban,50480,8681,35586,6157,1781,4432,1552,18,36
haryana,Sirsa,Urban,93595,14129,66929,11937,4183,8354,2829,18,34
haryana,Hisar,Urban,157452,17152,116330,21833,7081,16889,5552,19,33
haryana,Bhiwani,Urban,82483,9618,62598,13720,2574,7693,2888,22,38
haryana,Rohtak,Urban,122181,11586,90918,21136,3364,16313,6783,24,42
haryana,Jhajjar,Urban,63383,5546,48894,9809,2121,6822,2042,21,30
haryana,Mahendragarh,Urban,33253,2379,26592,5730,1243,3039,1059,22,35
haryana,Rewari,Urban,67478,5281,54051,11394,2452,5694,1986,22,35
haryana,Gurgaon,Urban,363015,28589,266450,81155,13007,54969,28227,31,52
haryana,Mewat,Urban,24544,4978,17352,2320,883,1331,314,14,24
haryana,Faridabad,Urban,410250,38539,309935,74270,12296,49480,20127,24,41
haryana,Palwal,Urban,53346,6628,40061,7539,1879,4778,1633,19,35
himachal pradesh ,Chamba,Urban,12841,439,10223,1594,232,1947,767,16,40
himachal pradesh ,Kangra,Urban,25584,1425,18315,4204,884,4960,1733,23,35
himachal pradesh ,Kullu,Urban,15289,1187,10749,2050,650,2703,803,20,30
himachal pradesh ,Mandi,Urban,21045,934,14527,3819,499,5085,1948,27,39
himachal pradesh ,Hamirpur,Urban,8625,327,6445,1793,137,1716,688,28,41
himachal pradesh ,Una,Urban,14064,1477,9749,1750,792,2046,717,18,36
himachal pradesh ,Bilaspur,Urban,8353,415,5996,1567,196,1746,666,27,39
himachal pradesh ,Solan,Urban,43905,2979,33943,6509,1091,5892,1982,20,34
himachal pradesh ,Sirmaur,Urban,17708,765,13473,3575,414,3056,1216,27,40
himachal pradesh ,Shimla,Urban,73445,3779,54451,16401,1713,13502,6117,31,46
jammu and kashmir,Kupwara ,Urban,24226,1414,20780,1882,408,1624,270,10,17
jammu and kashmir,Badgam ,Urban,25615,4581,18726,1627,761,1547,300,9,20
jammu and kashmir,Leh(Ladakh) ,Urban,24565,979,20464,1928,462,2660,509,10,20
jammu and kashmir,Kargil ,Urban,6102,234,5131,414,104,633,103,9,17
jammu and kashmir,Punch ,Urban,12081,435,10133,1312,133,1380,537,13,39
jammu and kashmir,Rajouri ,Urban,25973,664,23330,1881,179,1800,598,9,34
jammu and kashmir,Kathua ,Urban,24720,2186,19022,2723,542,2970,1051,15,36
jammu and kashmir,Baramula ,Urban,52514,7114,40379,5097,733,4288,1491,13,35
jammu and kashmir,Bandipore ,Urban,15379,3413,10183,1117,805,978,236,11,25
jammu and kashmir,Srinagar ,Urban,327883,79417,207670,39813,9721,31075,12064,20,39
jammu and kashmir,Ganderbal ,Urban,9817,2100,6299,860,517,901,217,14,25
jammu and kashmir,Pulwama ,Urban,20907,2944,16249,2141,393,1321,425,14,33
jammu and kashmir,Shupiyan ,Urban,5666,615,4553,613,86,412,135,14,33
jammu and kashmir,Anantnag ,Urban,56756,9610,40779,6257,1252,5115,1486,16,30
jammu and kashmir,Kulgam ,Urban,16769,3696,11746,1476,395,932,238,13,26
jammu and kashmir,Doda ,Urban,9687,669,7574,988,99,1345,434,14,33
jammu and kashmir,Ramban ,Urban,4066,281,3450,334,29,306,84,10,28
jammu and kashmir,Kishtwar ,Urban,4459,214,3584,645,32,629,216,18,35
jammu and kashmir,Udhampur ,Urban,41176,2381,34133,3783,575,4087,1268,12,32
jammu and kashmir,Reasi ,Urban,9072,1060,6727,534,407,878,169,8,20
jammu and kashmir,Jammu ,Urban,239870,14208,187553,37232,4589,33520,13667,20,41
jammu and kashmir,Samba ,Urban,16321,861,13988,1258,231,1241,422,9,35
jharkhand,Garhwa,Urban,12607,1616,9812,2289,439,740,234,24,32
jharkhand,Chatra,Urban,14419,1964,10736,2536,808,911,227,24,25
jharkhand,Kodarma,Urban,30840,3912,24711,4824,832,1385,372,20,27
jharkhand,Giridih,Urban,47875,7179,36240,8636,1400,3056,1008,24,33
jharkhand,Deoghar,Urban,66073,6979,51609,14049,2337,5148,1653,28,33
jharkhand,Godda,Urban,14795,1860,11190,3222,573,1172,337,29,29
jharkhand,Sahibganj,Urban,40011,8771,24955,4559,3516,2769,530,19,20
jharkhand,Pakur,Urban,21427,5179,9546,1855,4646,2056,269,20,14
jharkhand,Dhanbad,Urban,352206,48937,264579,51593,15417,23273,6206,20,27
jharkhand,Bokaro,Urban,214529,24156,165342,36007,9171,15860,5001,22,32
jharkhand,Lohardaga,Urban,13834,1371,10015,2943,687,1761,656,30,38
jharkhand,Purbi Singhbhum,Urban,357133,33251,277171,68240,16978,29733,10264,25,35
jharkhand,Palamu,Urban,43250,5021,32677,9983,1755,3797,1204,31,32
jharkhand,Latehar,Urban,10930,1584,7632,1738,830,884,275,23,32
jharkhand,Hazaribagh,Urban,64968,6196,51080,16019,2083,5609,2521,32,45
jharkhand,Ramgarh,Urban,98003,12968,74568,14049,4731,5736,1515,19,27
jharkhand,Dumka,Urban,21054,1992,16327,4357,891,1844,592,27,33
jharkhand,Jamtara,Urban,17296,1789,13361,2601,712,1434,300,20,21
jharkhand,Ranchi,Urban,329794,24315,245441,80042,15310,44728,16268,33,37
jharkhand,Khunti,Urban,10501,1040,7139,1703,762,1560,409,24,27
jharkhand,Gumla,Urban,14816,1177,10922,3431,563,2154,678,32,32
jharkhand,Simdega,Urban,10481,1183,7188,1598,677,1433,390,23,28
jharkhand,Pashchimi Singhbhum,Urban,58506,5371,43785,9062,3746,5604,1414,21,26
jharkhand,Saraikela-Kharsawan,Urban,70933,9418,52837,10077,3996,4682,1122,20,24
karnataka ,Belgaum,Urban,378011,30792,273395,41555,22491,51333,8972,16,18
karnataka ,Bagalkot,Urban,190645,23705,119305,16489,21595,26040,2900,14,12
karnataka ,Bijapur,Urban,137971,16728,91553,16540,11711,17979,2922,19,17
karnataka ,Bidar,Urban,113426,14361,76254,12037,8913,13898,1987,16,15
karnataka ,Raichur,Urban,150979,25408,90005,13512,18939,16627,2309,16,14
karnataka ,Koppal,Urban,73457,9685,46761,6433,8226,8785,1089,14,13
karnataka ,Gadag,Urban,128731,13832,81086,9985,14643,19170,1775,13,10
karnataka ,Dharwad,Urban,338621,30878,237348,39846,22208,48187,9689,17,21
karnataka ,Uttara Kannada,Urban,128107,6103,97192,13934,4584,20228,3933,15,20
karnataka ,Haveri,Urban,112927,13688,76642,9308,8126,14471,1854,13,13
karnataka ,Bellary,Urban,307523,47491,192249,26351,34280,33503,4717,14,15
karnataka ,Chitradurga,Urban,106884,9575,73441,11126,6547,17321,2241,16,13
karnataka ,Davanagere,Urban,191412,21389,127825,16830,13725,28473,3656,14,13
karnataka ,Shimoga,Urban,202647,16259,147489,21640,9721,29178,5405,15,19
karnataka ,Udupi,Urban,125768,4103,85351,12020,4606,31708,4829,15,16
karnataka ,Chikmagalur,Urban,82609,6183,58355,8245,4222,13849,2325,15,17
karnataka ,Tumkur,Urban,202857,16099,137707,22492,11399,37652,5214,17,14
karnataka ,Bangalore,Urban,3495519,232641,2390420,448694,158189,714269,169625,19,24
karnataka ,Mandya,Urban,104695,11443,69727,11220,7122,16403,2483,17,16
karnataka ,Hassan,Urban,123514,8857,89775,14234,5376,19506,3878,16,20
karnataka ,Dakshina Kannada,Urban,402233,11997,258358,31499,19034,112844,15442,13,14
karnataka ,Kodagu,Urban,30509,1307,20816,3643,1451,6935,1462,18,22
karnataka ,Mysore,Urban,415091,40102,283974,52105,21466,69549,16100,19,24
karnataka ,Chamarajanagar,Urban,58378,9076,36020,4804,5201,8081,1060,14,14
karnataka ,Gulbarga,Urban,227739,33898,144120,23434,21613,28108,4999,17,18
karnataka ,Yadgir,Urban,66648,11604,37439,5470,9553,8052,802,15,10
karnataka ,Kolar,Urban,153859,14263,103877,11614,9315,26404,3622,12,14
karnataka ,Chikkaballapura,Urban,94953,11991,59861,7531,7905,15196,1886,13,13
karnataka ,Bangalore Rural,Urban,97121,8502,66795,8056,5755,16069,1903,13,12
karnataka ,Ramanagara,Urban,93948,12243,57751,6577,8269,15685,1550,12,10
kerala,Kasaragod,Urban,136568,3602,98551,7599,3826,30589,3156,8,11
kerala,Kannur,Urban,429698,4543,332101,28084,3531,89523,14443,9,17
kerala,Wayanad,Urban,10145,433,7017,824,446,2249,381,12,17
kerala,Kozhikode,Urban,518387,6155,431981,38044,2910,77341,17367,9,23
kerala,Malappuram,Urban,369355,8051,320518,18026,2456,38330,6688,6,18
kerala,Palakkad,Urban,201139,5590,150346,14073,6925,38278,7451,10,20
kerala,Thrissur,Urban,616491,8914,461668,43878,6705,139204,26093,10,19
kerala,Ernakulam,Urban,722163,8987,546107,74659,5584,161485,43646,14,28
kerala,Idukki,Urban,15924,209,12113,1819,119,3483,1079,16,31
kerala,Kottayam,Urban,170114,1649,128554,17064,790,39121,9484,14,25
kerala,Alappuzha,Urban,332639,4255,238659,21959,3879,85846,13330,10,16
kerala,Pathanamthitta,Urban,33697,430,24389,3492,274,8604,2081,15,25
kerala,Kollam,Urban,321961,8138,232508,22067,6147,75168,12777,10,17
kerala,Thiruvananthapuram,Urban,519057,14788,374097,59000,8488,121684,35635,16,30
lakshadweep,Lakshadweep,Urban,8579,126,7133,471,33,1287,138,7,11
maharashtra,Nandurbar,Urban,79084,7148,55753,8438,5631,10552,1489,16,15
maharashtra,Dhule,Urban,162417,14444,120435,19692,7511,20027,3714,17,19
maharashtra,Jalgaon,Urban,384077,34776,281531,42792,19573,48197,7649,16,16
maharashtra,Buldana,Urban,162729,8951,121805,15272,7947,24026,2658,13,12
maharashtra,Akola,Urban,222034,11479,170052,22717,7665,32838,4966,14,16
maharashtra,Washim,Urban,61934,4029,46354,5737,3152,8399,808,13,10
maharashtra,Amravati,Urban,306851,15962,238488,37543,8973,43428,8417,16,20
maharashtra,Wardha,Urban,130380,3935,100733,18015,4536,21176,3995,18,19
maharashtra,Nagpur,Urban,1022377,48389,770549,136362,31632,171807,39370,18,23
maharashtra,Bhandara,Urban,65494,2414,47345,9479,2557,13178,2502,21,19
maharashtra,Gondiya,Urban,66975,2104,49113,7910,2907,12851,1894,17,15
maharashtra,Gadchiroli,Urban,34552,1923,24348,4629,1979,6302,941,20,15
maharashtra,Chandrapur,Urban,222841,14615,168079,25217,9833,30314,5452,16,18
maharashtra,Yavatmal,Urban,184693,8351,139190,21166,7645,29507,4812,16,17
maharashtra,Nanded,Urban,255959,27243,179493,29916,18038,31185,4829,17,16
maharashtra,Hingoli,Urban,49795,4463,36251,5007,2822,6259,612,14,10
maharashtra,Parbhani,Urban,158521,20839,106795,16059,12772,18115,2589,16,15
maharashtra,Jalna,Urban,108486,12297,74759,11797,7500,13930,2009,16,15
maharashtra,Aurangabad,Urban,483132,34992,359427,69789,24218,64495,15329,20,24
maharashtra,Nashik,Urban,835618,52980,627542,97474,36205,118891,23868,16,21
maharashtra,Thane,Urban,3045070,226285,2238512,368506,91780,488493,148745,17,31
maharashtra,Mumbai Suburban,Urban,3515744,212369,2598435,472840,93550,611390,214542,19,36
maharashtra,Mumbai,Urban,1208177,90914,883254,151293,31460,202549,68617,18,34
maharashtra,Raigarh,Urban,320940,16869,244129,47004,8457,51485,16063,20,32
maharashtra,Pune,Urban,2077190,124505,1491021,276850,82274,379390,115852,19,31
maharashtra,Ahmadnagar,Urban,298601,19148,211003,35753,18060,50390,8588,17,18
maharashtra,Bid,Urban,149484,12002,105593,19964,9589,22300,3182,19,15
maharashtra,Latur,Urban,169907,18427,121038,19941,9725,20717,3438,17,17
maharashtra,Osmanabad,Urban,78950,6148,56204,9994,4776,11822,1574,18,14
maharashtra,Solapur,Urban,465835,41839,302009,45813,45794,76193,9814,16,13
maharashtra,Satara,Urban,183117,11348,129046,27537,9519,33204,8259,22,25
maharashtra,Ratnagiri,Urban,77587,2942,58581,9522,1960,14104,3849,17,28
maharashtra,Sindhudurg,Urban,31898,1520,23623,4286,669,6086,1645,19,28
maharashtra,Kolhapur,Urban,406470,25794,302495,54475,18143,60038,12742,19,22
maharashtra,Sangli,Urban,228788,18022,159894,26766,12766,38106,7232,17,19
manipur,Senapati,Urban,1933,189,1055,253,234,455,120,24,27
manipur,Tamenglong,Urban,5514,195,3107,585,362,1850,268,19,15
manipur,Churachandpur,Urban,5638,235,3559,655,209,1635,274,19,17
manipur,Bishnupur,Urban,27694,2301,16807,3651,2665,5921,1266,22,22
manipur,Thoubal,Urban,47079,3156,29327,5731,4526,10070,1827,20,19
manipur,Imphal West,Urban,101509,3518,62746,19163,5205,30040,10692,31,36
manipur,Imphal East,Urban,57827,2673,35263,9520,3199,16692,5269,27,32
manipur,Ukhrul,Urban,8079,402,4435,909,577,2665,455,21,18
manipur,Chandel,Urban,5426,932,2946,220,818,730,51,8,7
meghalaya,West Garo Hills,Urban,19453,1036,12852,1958,578,4987,1103,16,23
meghalaya,East Garo Hills,Urban,10630,743,7294,551,310,2283,234,8,11
meghalaya,South Garo Hills,Urban,3404,216,2385,166,109,694,80,7,12
meghalaya,West Khasi Hills,Urban,10893,895,5734,498,580,3684,430,9,12
meghalaya,Ribhoi,Urban,9364,802,6329,424,533,1700,175,7,11
meghalaya,East Khasi Hills,Urban,128037,6834,80048,15601,4806,36349,11405,20,32
meghalaya,Jaintia Hills,Urban,9270,631,4562,781,438,3639,918,18,26
mizoram,Mamit,Urban,5718,184,3739,325,88,1707,130,9,8
mizoram,Kolasib,Urban,15025,364,9950,773,181,4530,394,8,9
mizoram,Aizawl,Urban,111361,900,69237,9694,503,40721,6602,15,17
mizoram,Champhai,Urban,16748,147,10686,823,181,5734,507,8,9
mizoram,Serchhip,Urban,13366,105,8191,582,64,5006,315,8,7
mizoram,Lunglei,Urban,22956,308,15819,1506,152,6677,748,10,12
mizoram,Lawngtlai,Urban,5379,95,3736,549,56,1492,264,15,18
mizoram,Saiha,Urban,6331,148,4247,557,113,1823,213,14,12
madhya pradesh,Sheopur,Urban,27541,4737,19146,3692,1908,1750,508,20,30
madhya pradesh,Morena,Urban,111522,15809,86970,17418,2978,5765,1976,21,35
madhya pradesh,Bhind,Urban,98102,14010,76183,13606,2763,5146,1635,18,32
madhya pradesh,Gwalior,Urban,356368,38455,270384,66679,14778,32751,12200,25,38
madhya pradesh,Datia,Urban,52215,7409,36539,7566,3903,4364,1172,21,27
madhya pradesh,Shivpuri,Urban,79667,12008,55890,12751,5594,6175,2123,23,35
madhya pradesh,Tikamgarh,Urban,71264,12333,43245,8419,8747,6939,1614,20,24
madhya pradesh,Chhatarpur,Urban,112121,16834,75782,15808,9298,10207,2949,21,29
madhya pradesh,Panna,Urban,32082,4026,22258,4630,2495,3303,1018,21,31
madhya pradesh,Sagar,Urban,235544,15533,162776,32802,20246,36989,6198,21,17
madhya pradesh,Damoh,Urban,76292,6622,51928,9932,6995,10747,2055,20,20
madhya pradesh,Satna,Urban,137189,15033,96092,21160,11348,14716,3888,23,27
madhya pradesh,Rewa,Urban,107063,11281,73189,18790,9882,12711,3805,26,30
madhya pradesh,Umaria,Urban,27232,2912,20155,4376,1669,2496,742,22,30
madhya pradesh,Neemuch,Urban,87295,6979,60176,11108,8886,11254,2396,19,22
madhya pradesh,Mandsaur,Urban,90360,6942,66361,12689,6875,10182,2506,20,25
madhya pradesh,Ratlam,Urban,132619,11946,95388,19580,9176,16109,4381,21,28
madhya pradesh,Ujjain,Urban,244496,22978,173575,36731,17434,30509,8824,22,29
madhya pradesh,Shajapur,Urban,85589,8668,62488,1672,6197,8236,315,3,4
madhya pradesh,Dewas,Urban,135877,13926,98215,15861,9472,14264,3935,17,28
madhya pradesh,Dhar,Urban,134142,16195,92671,15101,11108,14168,3488,17,25
madhya pradesh,Indore,Urban,816570,74925,582840,134621,46106,112699,33369,24,30
madhya pradesh,Khargone (West Nimar),Urban,93062,9800,65720,12864,7271,10271,3071,20,30
madhya pradesh,Barwani,Urban,65224,9353,41508,7475,7319,7044,1961,19,28
madhya pradesh,Rajgarh,Urban,77116,10549,52490,11249,6267,7810,2541,22,33
madhya pradesh,Vidisha,Urban,95850,12430,68117,15638,5263,10040,3479,23,35
madhya pradesh,Bhopal,Urban,577549,64395,400340,98804,31175,81639,30142,25,37
madhya pradesh,Sehore,Urban,67658,7950,49037,9342,3719,6952,2298,20,34
madhya pradesh,Raisen,Urban,85224,10694,62219,10482,4684,7627,1852,17,25
madhya pradesh,Betul,Urban,89790,7342,66647,14789,4403,11398,3428,23,31
madhya pradesh,Harda,Urban,32350,2198,25715,5741,1102,3335,1004,23,31
madhya pradesh,Hoshangabad,Urban,112595,8867,85333,21193,5175,13220,4502,25,35
madhya pradesh,Katni,Urban,77359,6446,57390,12111,4886,8637,2197,22,26
madhya pradesh,Jabalpur,Urban,446575,33627,319291,68344,24355,69302,18464,22,27
madhya pradesh,Narsimhapur,Urban,61778,4844,45780,10069,3358,7796,2112,22,28
madhya pradesh,Dindori,Urban,9360,620,6648,1767,695,1397,418,27,30
madhya pradesh,Mandla,Urban,39487,2505,27703,7269,3133,6146,2076,27,34
madhya pradesh,Chhindwara,Urban,148232,11876,105063,21936,9357,21936,5252,21,24
madhya pradesh,Seoni,Urban,48305,2753,35887,9298,2550,7115,2176,26,31
madhya pradesh,Balaghat,Urban,72388,4971,50922,11965,5422,11073,2932,24,27
madhya pradesh,Guna,Urban,83607,12657,58205,12918,5727,7018,2472,23,36
madhya pradesh,Ashoknagar,Urban,44654,6059,30951,5876,3371,4273,933,19,22
madhya pradesh,Shahdol (43),Urban,54507,4698,41170,10465,2963,5676,1768,26,32
madhya pradesh,Anuppur (44),Urban,54011,7001,39453,7495,3611,3946,1042,19,27
madhya pradesh,Sidhi (45),Urban,26620,3742,16646,4236,3239,2993,886,26,30
madhya pradesh,Singrauli (46),Urban,58037,9731,40867,7048,3781,3658,989,18,28
madhya pradesh,Jhabua (47),Urban,28890,2508,19345,4686,2481,4556,1432,25,32
madhya pradesh,Alirajpur (48),Urban,17743,2087,11632,2650,1645,2379,821,23,35
madhya pradesh,Khandwa (East Nimar) (49),Urban,76072,7265,56169,10361,4072,8566,2642,19,31
madhya pradesh,Burhanpur (50),Urban,79303,11165,55063,7183,5352,7723,1379,14,18
nagaland,Mon,Urban,8218,800,5183,399,472,1763,158,8,9
nagaland,Mokokchung,Urban,18989,934,12546,1452,246,5263,1046,12,20
nagaland,Zunheboto,Urban,7239,201,5144,535,122,1772,287,11,17
nagaland,Wokha,Urban,9833,187,6669,1164,214,2763,571,18,21
nagaland,Dimapur,Urban,62130,5334,42370,6253,1691,12735,3032,15,24
nagaland,Phek,Urban,8089,455,5108,552,695,1831,203,11,12
nagaland,Tuensang,Urban,9469,445,6385,561,419,2220,216,9,10
nagaland,Longleng,Urban,1890,135,1283,152,49,423,44,12,11
nagaland,Kiphire,Urban,3558,265,2219,194,293,781,56,9,8
nagaland,Kohima,Urban,39438,2533,24457,4559,1659,10789,3176,19,30
nagaland,Peren,Urban,4091,296,2244,278,411,1140,144,13,13
rajasthan,Ganganagar,Urban,166287,23738,119359,22307,8418,14772,4939,19,34
rajasthan,Hanumangarh,Urban,104249,17518,73034,11822,5669,8028,2062,17,26
rajasthan,Bikaner,Urban,226752,31293,168079,31233,11103,16277,5190,19,32
rajasthan,Churu,Urban,146511,23922,107264,13900,6734,8591,1929,13,23
rajasthan,Jhunjhunun,Urban,124695,16241,91085,15392,7042,10327,3341,17,33
rajasthan,Alwar,Urban,196353,16607,150113,35566,10752,18881,6009,24,32
rajasthan,Bharatpur,Urban,123824,14226,93413,19696,6444,9741,2966,22,31
rajasthan,Dhaulpur,Urban,61550,12238,41842,6200,3929,3541,769,15,22
rajasthan,Karauli,Urban,57092,8828,39581,5712,5068,3615,720,15,20
rajasthan,Sawai Madhopur,Urban,65534,6430,50469,9561,3720,4915,1174,19,24
rajasthan,Dausa,Urban,51154,4563,39688,8571,3105,3798,991,22,27
rajasthan,Jaipur,Urban,1032189,105625,770859,223050,51642,104063,42714,29,42
rajasthan,Sikar,Urban,156408,21298,118269,18349,7132,9709,2339,16,25
rajasthan,Nagaur,Urban,161262,29511,113729,14558,9553,8469,1381,13,17
rajasthan,Jodhpur,Urban,365582,43415,273389,58702,15912,32866,10969,22,34
rajasthan,Jaisalmer,Urban,27183,2895,21741,3703,927,1620,471,18,30
rajasthan,Barmer,Urban,50956,5178,41645,6805,1337,2796,749,17,27
rajasthan,Jalor,Urban,43004,6307,30199,3436,3863,2635,483,12,19
rajasthan,Sirohi,Urban,59359,6000,46391,6935,3006,3962,1178,15,30
rajasthan,Pali,Urban,134212,16601,99530,13113,9605,8476,1522,14,18
rajasthan,Ajmer,Urban,310446,23837,236080,43781,16287,34242,9741,19,29
rajasthan,Tonk,Urban,91610,14526,56944,10183,12048,8092,1728,18,22
rajasthan,Bundi,Urban,62888,7522,45137,7943,5182,5047,1278,18,26
rajasthan,Bhilwara,Urban,160676,15210,116655,22115,12004,16807,4230,19,26
rajasthan,Rajsamand,Urban,55112,4174,42145,7736,3918,4875,1267,19,26
rajasthan,Dungarpur,Urban,23520,1618,17937,3642,991,2974,930,21,32
rajasthan,Banswara,Urban,38531,2613,27911,5837,1878,6129,1701,21,28
rajasthan,Chittaurgarh,Urban,90055,7184,65417,12044,7548,9906,2711,19,28
rajasthan,Kota,Urban,346775,36009,256455,47118,22407,31904,9479,19,30
rajasthan,Baran,Urban,69626,7926,49869,7610,5631,6200,1114,16,18
rajasthan,Jhalawar,Urban,64409,6287,48723,8743,4143,5256,1569,18,30
rajasthan,Udaipur,Urban,192309,10880,148612,39459,8086,24731,9871,27,40
rajasthan,Pratapgarh,Urban,23264,1578,17031,3336,1760,2895,625,20,22
sikkim,North  District,Urban,1618,181,1022,116,87,328,51,12,16
sikkim,West District,Urban,1823,99,1251,137,66,407,64,11,16
sikkim,South District,Urban,7355,484,4876,804,248,1747,378,17,22
sikkim,East District,Urban,45524,2340,31168,5454,1445,10571,2737,18,26
tamil nadu,Thiruvallur,Urban,809787,43163,598286,98536,30138,138200,35358,17,26
tamil nadu,Chennai,Urban,1618471,84568,1171693,257501,57296,304914,92920,22,31
tamil nadu,Kancheepuram,Urban,876921,45719,630598,113415,34520,166084,41639,18,26
tamil nadu,Vellore,Urban,563323,44631,383488,43856,37228,97976,13852,12,15
tamil nadu,Tiruvannamalai,Urban,166420,12672,113812,13231,11839,28097,4907,12,18
tamil nadu,Viluppuram,Urban,155878,12227,109666,14041,9961,24024,4949,13,21
tamil nadu,Salem,Urban,710989,88291,424861,45217,80773,117064,14496,11,13
tamil nadu,Namakkal,Urban,315810,34055,174644,17663,42905,64206,6127,11,10
tamil nadu,Erode,Urban,531154,56511,297994,32968,71701,104948,11916,12,12
tamil nadu,The Nilgiris,Urban,171489,8106,104997,10943,15612,42774,3900,11,10
tamil nadu,Dindigul,Urban,312777,26339,196133,19883,30701,59604,7539,11,13
tamil nadu,Karur,Urban,180433,12101,114035,12790,18066,36231,4273,12,12
tamil nadu,Tiruchirappalli,Urban,449999,22399,326785,48927,23394,77421,16850,15,22
tamil nadu,Perambalur,Urban,36261,2828,21292,2611,4066,8075,1230,13,16
tamil nadu,Ariyalur,Urban,24876,2609,16121,2105,1840,4306,747,14,18
tamil nadu,Cuddalore,Urban,260262,18820,190350,25822,14001,37091,8583,14,24
tamil nadu,Nagapattinam,Urban,100263,4964,76478,9667,4703,14118,3075,13,22
tamil nadu,Thiruvarur,Urban,76000,3814,58478,7366,3168,10540,2324,13,23
tamil nadu,Thanjavur,Urban,270054,15309,200318,27223,12865,41562,8851,14,22
tamil nadu,Pudukkottai,Urban,100494,5232,75436,9101,5138,14688,3091,13,22
tamil nadu,Sivaganga,Urban,123501,6025,93537,12339,5496,18443,4016,14,22
tamil nadu,Madurai ,Urban,506015,34879,471136,74446,33228,123123,23645,16,20
tamil nadu,Theni,Urban,263584,26806,155076,15103,34276,47426,3901,10,9
tamil nadu,Virudhunagar,Urban,407492,30441,245815,24607,43178,88058,7848,11,9
tamil nadu,Ramanathapuram,Urban,124611,7503,95137,10199,4618,17353,2652,11,16
tamil nadu,Thoothukkudi,Urban,304925,15960,219056,24888,14733,55176,8156,12,15
tamil nadu,Tirunelveli,Urban,582992,35934,356827,35322,53729,136502,11502,10,9
tamil nadu,Kanniyakumari,Urban,451855,20410,344405,31158,9124,77916,13191,10,17
tamil nadu,Dharmapuri,Urban,94679,10285,57023,7720,10002,17369,3132,14,19
tamil nadu,Krishnagiri,Urban,147967,13349,102680,13347,8976,22962,4890,13,22
tamil nadu,Coimbatore,Urban,1035634,63482,700672,95462,62753,208727,40717,14,20
tamil nadu,Tiruppur,Urban,668132,48694,422667,37144,54055,142716,11387,9,8
tripura,West Tripura,Urban,214616,9038,168460,23880,4483,32635,7268,15,23
tripura,South Tripura,Urban,37915,1432,31214,4445,510,4759,876,15,19
tripura,Dhalai,Urban,13156,297,11169,1049,140,1550,194,10,13
tripura,North Tripura,Urban,34182,1563,27104,3760,568,4947,1150,14,24
uttar pradesh,Saharanpur,Urban,277915,59317,192204,34114,8145,18249,5995,18,33
uttar pradesh,Muzaffarnagar,Urban,308587,68941,213172,37856,10335,16139,5486,18,34
uttar pradesh,Bijnor,Urban,216247,60886,135383,20935,7872,12106,3903,16,33
uttar pradesh,Moradabad,Urban,388916,127149,222940,45012,16868,21959,7664,21,35
uttar pradesh,Rampur,Urban,157423,64187,76203,13375,9642,7391,2421,18,33
uttar pradesh,Jyotiba Phule Nagar,Urban,113128,33600,65330,10535,6989,7209,1928,17,27
uttar pradesh,Meerut,Urban,461010,85166,320123,67471,17469,38252,13454,22,36
uttar pradesh,Baghpat,Urban,68288,11801,50065,8689,2774,3648,1059,18,30
uttar pradesh,Ghaziabad,Urban,868483,102522,642606,151440,29985,93370,35608,24,39
uttar pradesh,Gautam Buddha Nagar,Urban,302015,26972,221024,57710,11861,42158,17496,27,42
uttar pradesh,Bulandshahr,Urban,218184,48968,145192,27049,11082,12942,3889,19,31
uttar pradesh,Aligarh,Urban,289967,72171,183743,38423,14202,19851,6167,21,32
uttar pradesh,Mahamaya Nagar,Urban,73555,14539,52616,11695,2402,3998,1321,23,34
uttar pradesh,Mathura,Urban,180445,30309,129868,28390,7814,12454,3587,22,29
uttar pradesh,Agra,Urban,505546,98455,335388,71155,25193,46510,11592,22,25
uttar pradesh,Firozabad,Urban,211281,43785,129105,22602,18605,19786,3188,18,17
uttar pradesh,Mainpuri,Urban,62413,9511,46137,10408,2008,4757,1695,23,36
uttar pradesh,Budaun,Urban,147159,50864,83460,15577,5841,6994,2447,19,35
uttar pradesh,Bareilly,Urban,393003,110785,224150,46005,25758,32310,8883,21,28
uttar pradesh,Pilibhit,Urban,81535,22148,50527,10975,3578,5282,1733,22,33
uttar pradesh,Shahjahanpur,Urban,139311,42329,83864,17001,5853,7265,2726,21,38
uttar pradesh,Kheri,Urban,108436,25508,71349,16490,3822,7757,2673,24,35
uttar pradesh,Sitapur,Urban,124103,27081,79577,17286,6104,11341,3775,22,34
uttar pradesh,Hardoi,Urban,128351,28826,85043,16649,5531,8951,2642,20,30
uttar pradesh,Unnao,Urban,122843,23624,85095,17669,5142,8982,2743,21,31
uttar pradesh,Lucknow,Urban,817673,105662,583891,194969,29569,98551,45957,34,47
uttar pradesh,Rae Bareli,Urban,71809,10052,51157,14019,3160,7440,2688,28,37
uttar pradesh,Farrukhabad,Urban,105165,21597,71589,14724,4397,7582,1970,21,26
uttar pradesh,Kannauj,Urban,72221,15189,44632,8742,6673,5727,1197,20,21
uttar pradesh,Etawah,Urban,82565,10948,62425,16909,2483,6709,2309,28,35
uttar pradesh,Auraiya,Urban,54719,5137,43238,11180,1422,4922,1576,26,33
uttar pradesh,Kanpur Dehat,Urban,42175,6459,31093,6774,1506,3117,968,22,32
uttar pradesh,Kanpur Nagar,Urban,818178,118355,598058,159767,25998,75767,27699,27,37
uttar pradesh,Jalaun,Urban,96027,14417,70531,17971,4216,6863,1902,26,28
uttar pradesh,Jhansi,Urban,214978,22063,161498,36081,11838,19579,5418,23,28
uttar pradesh,Lalitpur,Urban,44769,5160,32473,8009,2656,4480,1177,25,27
uttar pradesh,Hamirpur,Urban,51342,6944,36350,8381,3790,4258,1100,24,26
uttar pradesh,Mahoba,Urban,43434,8120,29204,5678,3176,2934,694,20,24
uttar pradesh,Banda,Urban,68982,8367,51444,14324,3970,5201,1686,28,33
uttar pradesh,Chitrakoot,Urban,23571,3862,16701,4111,1403,1605,487,25,31
uttar pradesh,Fatehpur,Urban,75362,13109,52724,13084,3857,5672,1989,25,36
uttar pradesh,Pratapgarh,Urban,36389,4925,25630,6089,1982,3852,925,24,25
uttar pradesh,Kaushambi,Urban,30146,6164,17931,2641,3290,2761,337,15,13
uttar pradesh,Allahabad,Urban,350815,41288,247963,76570,18940,42624,14751,31,35
uttar pradesh,Bara Banki,Urban,80393,20681,48343,10070,4878,6491,1856,21,29
uttar pradesh,Faizabad,Urban,82680,10952,60755,15607,3288,7685,2719,26,36
uttar pradesh,Ambedkar Nagar,Urban,60228,10930,41074,6458,3132,5092,1291,16,26
uttar pradesh,Sultanpur,Urban,47478,4965,35608,9805,1803,5102,1739,28,35
uttar pradesh,Bahraich,Urban,63118,17080,38179,8728,3258,4601,1443,23,32
uttar pradesh,Shrawasti,Urban,6933,2027,4371,743,219,316,95,17,31
uttar pradesh,Balrampur,Urban,34978,8657,22428,4958,1710,2183,821,23,38
uttar pradesh,Gonda,Urban,52411,9762,36215,9022,1845,4589,1502,25,33
uttar pradesh,Siddharthnagar,Urban,30132,5497,19432,3456,2458,2745,532,18,20
uttar pradesh,Basti,Urban,27790,3035,21300,6601,855,2600,1011,31,39
uttar pradesh,Sant Kabir Nagar,Urban,24744,4263,17149,3383,1634,1698,380,20,23
uttar pradesh,Mahrajganj,Urban,28294,3745,21278,3828,1340,1931,458,18,24
uttar pradesh,Gorakhpur,Urban,187728,19736,140353,42050,7396,20243,6803,30,34
uttar pradesh,Kushinagar,Urban,31833,5488,22382,4808,1452,2511,509,22,21
uttar pradesh,Deoria,Urban,62639,8082,47439,13330,2036,5082,1852,29,37
uttar pradesh,Azamgarh,Urban,88646,14148,56238,10321,7115,11145,1796,19,17
uttar pradesh,Mau,Urban,127962,18208,76069,9728,11064,22621,2455,13,11
uttar pradesh,Ballia,Urban,61845,9199,43092,9922,3254,6300,1287,24,21
uttar pradesh,Jaunpur,Urban,75997,10601,54544,12174,3719,7133,1595,23,23
uttar pradesh,Ghazipur,Urban,60977,7885,43903,10467,3147,6042,1389,24,23
uttar pradesh,Chandauli,Urban,46555,7710,32882,7291,2840,3123,842,23,27
uttar pradesh,Varanasi ,Urban,439824,72370,298820,71257,24483,44151,11875,24,27
uttar pradesh,Sant Ravidas Nagar (Bhadohi),Urban,52237,9361,35895,5269,3561,3420,582,15,18
uttar pradesh,Mirzapur,Urban,80367,13470,53864,11731,5341,7692,1608,22,21
uttar pradesh,Sonbhadra,Urban,75842,7216,60062,12723,2972,5592,1466,22,27
uttar pradesh,Etah,Urban,59693,9727,42823,11437,2094,5049,1639,27,33
uttar pradesh,Kanshiram Nagar ,Urban,66489,16971,40774,7997,4982,3762,896,20,24
uttarakhand,Uttarkashi,Urban,7152,333,5250,1733,397,1172,571,34,49
uttarakhand,Chamoli,Urban,19793,951,14987,3898,747,3108,1117,27,36
uttarakhand,Rudraprayag,Urban,3785,168,2946,678,120,551,173,24,32
uttarakhand,Tehri Garhwal,Urban,20864,1381,16520,5299,384,2579,1334,33,52
uttarakhand,Dehradun,Urban,282848,21592,215671,62294,7605,37980,18500,29,49
uttarakhand,Garhwal ,Urban,30049,1997,23494,7681,473,4085,2419,33,60
uttarakhand,Pithoragarh,Urban,16076,659,12359,3874,260,2798,1334,32,48
uttarakhand,Bageshwar,Urban,2163,54,1687,569,44,378,172,34,46
uttarakhand,Almora,Urban,20065,519,16325,4503,229,2992,1617,28,55
uttarakhand,Champawat,Urban,10423,1367,7631,1742,330,1095,463,23,43
uttarakhand,Nainital,Urban,104224,11454,77908,22554,2597,12265,6267,29,52
uttarakhand,Udham Singh Nagar,Urban,157944,28570,109684,23966,7409,12281,4506,22,37
uttarakhand,Hardwar,Urban,196665,24889,148914,32810,5429,17433,6826,23,40
west bengal,Darjiling,Urban,225837,18144,160132,33105,10815,36746,10580,21,29
west bengal,Jalpaiguri,Urban,342097,45857,242644,34703,19070,34526,8117,15,24
west bengal,Koch Bihar,Urban,92026,7695,69395,13561,3447,11489,3388,20,30
west bengal,Uttar Dinajpur,Urban,107889,16267,74730,13611,5410,11482,2814,19,25
west bengal,Dakshin Dinajpur,Urban,78405,6061,56847,11658,3207,12290,3006,21,25
west bengal,Maldah,Urban,164462,33912,96432,15546,14013,20105,3287,17,17
west bengal,Murshidabad,Urban,487516,99383,236430,31779,81347,70356,6423,14,10
west bengal,Birbhum,Urban,139163,18628,96389,20714,10036,14110,3598,22,26
west bengal,Barddhaman,Urban,831940,98902,618876,113504,38883,75279,18780,19,25
west bengal,Nadia,Urban,490244,52257,349528,46874,23906,64553,9737,14,16
west bengal,North Twenty Four Parganas,Urban,1828357,136866,1402818,308957,57794,230879,64958,23,29
west bengal,Hugli,Urban,684489,60900,522260,101369,25501,75828,19590,20,26
west bengal,Bankura,Urban,90870,8130,66418,14090,6106,10216,2486,22,25
west bengal,Puruliya,Urban,95091,13803,67013,12991,6203,8072,2249,20,28
west bengal,Haora,Urban,992381,111831,747364,111389,29050,104136,19027,15,19
west bengal,Kolkata,Urban,1574263,164315,1128196,291322,59999,221753,79533,26,36
west bengal,South Twenty Four Parganas,Urban,610204,75879,445735,68403,23642,64948,14790,16,23
west bengal,Paschim Medinipur,Urban,208684,17832,157989,29960,9337,23526,6285,19,27
west bengal,Purba Medinipur,Urban,156826,10415,127087,20363,3780,15544,4279,17,28
